$id	$permissions	$createdAt	$updatedAt	book	category	episode	fileName	uploaded_at	fileId	bookOrder	categoryOrder	updated_at	episodeOrder	users
67b733ed002b122876f1	"[""read(\""user:679fa2f8002b800614ce\"")"",""update(\""user:679fa2f8002b800614ce\"")"",""delete(\""user:679fa2f8002b800614ce\"")""]"	2025-02-20T13:53:50.414+00:00	2025-02-20T13:53:50.414+00:00	שמות	תורה	וארא	תורה-שמות-וארא.json	2025-02-20T13:53:49.689+00:00	67b733ec002fed6ca335	2	1	null	2	679fa2f8002b800614ce
67b733fa002d9f308a63	"[""read(\""user:679fa2f8002b800614ce\"")"",""update(\""user:679fa2f8002b800614ce\"")"",""delete(\""user:679fa2f8002b800614ce\"")""]"	2025-02-20T13:54:03.439+00:00	2025-02-20T13:54:03.439+00:00	שמות	תורה	בא	תורה-שמות-בא.json	2025-02-20T13:54:02.729+00:00	67b733f9003a1c3ec065	2	1	null	3	679fa2f8002b800614ce
67b73410000b20db9a8c	"[""read(\""user:679fa2f8002b800614ce\"")"",""update(\""user:679fa2f8002b800614ce\"")"",""delete(\""user:679fa2f8002b800614ce\"")""]"	2025-02-20T13:54:24.813+00:00	2025-02-20T13:54:24.813+00:00	שמות	תורה	בשלח	תורה-שמות-בשלח.json	2025-02-20T13:54:24.178+00:00	67b7340f000f71e2820c	2	1	null	4	679fa2f8002b800614ce
67b73428001f74a33197	"[""read(\""user:679fa2f8002b800614ce\"")"",""update(\""user:679fa2f8002b800614ce\"")"",""delete(\""user:679fa2f8002b800614ce\"")""]"	2025-02-20T13:54:49.222+00:00	2025-02-20T13:54:49.222+00:00	שמות	תורה	יתרו	תורה-שמות-יתרו.json	2025-02-20T13:54:48.503+00:00	67b734270029854ff3fa	2	1	null	5	679fa2f8002b800614ce
67b7343900176fedfbe7	"[""read(\""user:679fa2f8002b800614ce\"")"",""update(\""user:679fa2f8002b800614ce\"")"",""delete(\""user:679fa2f8002b800614ce\"")""]"	2025-02-20T13:55:06.112+00:00	2025-02-20T13:55:06.112+00:00	שמות	תורה	משפטים	תורה-שמות-משפטים.json	2025-02-20T13:55:05.374+00:00	67b73438001d6b93a946	2	1	null	6	679fa2f8002b800614ce
67b7344b00260e556a5f	"[""read(\""user:679fa2f8002b800614ce\"")"",""update(\""user:679fa2f8002b800614ce\"")"",""delete(\""user:679fa2f8002b800614ce\"")""]"	2025-02-20T13:55:24.364+00:00	2025-02-20T13:55:24.364+00:00	שמות	תורה	תרומה	תורה-שמות-תרומה.json	2025-02-20T13:55:23.608+00:00	67b7344a002ace1725d8	2	1	null	7	679fa2f8002b800614ce
67b7345d001fe2d00255	"[""read(\""user:679fa2f8002b800614ce\"")"",""update(\""user:679fa2f8002b800614ce\"")"",""delete(\""user:679fa2f8002b800614ce\"")""]"	2025-02-20T13:55:42.300+00:00	2025-02-20T13:55:42.300+00:00	שמות	תורה	תצוה	תורה-שמות-תצוה.json	2025-02-20T13:55:41.510+00:00	67b7345c002b89dbd769	2	1	null	8	679fa2f8002b800614ce
67b7346900339c0f1858	"[""read(\""user:679fa2f8002b800614ce\"")"",""update(\""user:679fa2f8002b800614ce\"")"",""delete(\""user:679fa2f8002b800614ce\"")""]"	2025-02-20T13:55:54.548+00:00	2025-02-20T13:55:54.548+00:00	שמות	תורה	כי תשא	תורה-שמות-כי תשא.json	2025-02-20T13:55:53.825+00:00	67b73468003bee1c775b	2	1	null	9	679fa2f8002b800614ce
67b734780012cd7a9c1d	"[""read(\""user:679fa2f8002b800614ce\"")"",""update(\""user:679fa2f8002b800614ce\"")"",""delete(\""user:679fa2f8002b800614ce\"")""]"	2025-02-20T13:56:09.012+00:00	2025-02-20T13:56:09.012+00:00	שמות	תורה	ויקהל	תורה-שמות-ויקהל.json	2025-02-20T13:56:08.300+00:00	67b734770019aca77665	2	1	null	10	679fa2f8002b800614ce
67b7348700189a178352	"[""read(\""user:679fa2f8002b800614ce\"")"",""update(\""user:679fa2f8002b800614ce\"")"",""delete(\""user:679fa2f8002b800614ce\"")""]"	2025-02-20T13:56:24.112+00:00	2025-02-20T13:56:24.112+00:00	שמות	תורה	פקודי	תורה-שמות-פקודי.json	2025-02-20T13:56:23.393+00:00	67b734860025368d3d85	2	1	null	11	679fa2f8002b800614ce
68fe0db4002053e4100b	"[""read(\""user:67609199002b27c2fd49\"")"",""update(\""user:67609199002b27c2fd49\"")"",""delete(\""user:67609199002b27c2fd49\"")""]"	2025-10-26T12:01:57.035+00:00	2025-10-26T12:01:57.035+00:00	שמות	תורה	שמות	תורה-שמות-שמות.json	2025-02-20T13:30:35.099+00:00	67b72e7a0000acde28d3	2	1	null	1	null
68fe0db5000c60126d28	"[""read(\""user:67609199002b27c2fd49\"")"",""update(\""user:67609199002b27c2fd49\"")"",""delete(\""user:67609199002b27c2fd49\"")""]"	2025-10-26T12:01:57.712+00:00	2025-10-26T12:01:57.712+00:00	ויקרא	תורה	ויקרא	תורה-ויקרא-ויקרא.json	2025-02-20T13:30:55.337+00:00	67b72e8e0016752593a7	3	1	null	1	null
68fe0db50035451d62df	"[""read(\""user:67609199002b27c2fd49\"")"",""update(\""user:67609199002b27c2fd49\"")"",""delete(\""user:67609199002b27c2fd49\"")""]"	2025-10-26T12:01:58.371+00:00	2025-10-26T12:01:58.371+00:00	במדבר	תורה	במדבר	תורה-במדבר-במדבר.json	2025-02-20T13:31:17.175+00:00	67b72ea40013996fe262	4	1	null	1	null
68fe0db60021106abacd	"[""read(\""user:67609199002b27c2fd49\"")"",""update(\""user:67609199002b27c2fd49\"")"",""delete(\""user:67609199002b27c2fd49\"")""]"	2025-10-26T12:01:59.043+00:00	2025-10-26T12:01:59.043+00:00	דברים	תורה	דברים	תורה-דברים-דברים.json	2025-02-20T13:31:39.075+00:00	67b72eba000a32051a5c	5	1	null	1	null
68fe0db80022e7e3448e	"[""read(\""user:67609199002b27c2fd49\"")"",""update(\""user:67609199002b27c2fd49\"")"",""delete(\""user:67609199002b27c2fd49\"")""]"	2025-10-26T12:02:01.190+00:00	2025-10-26T12:02:01.190+00:00	דניאל	כתובים	דניאל	כתובים-דניאל-דניאל.json	2025-02-20T13:33:18.148+00:00	67b72f1c003c43bccd5f	5	3	null	1	null
68fe0db9002092a16b41	"[""read(\""user:67609199002b27c2fd49\"")"",""update(\""user:67609199002b27c2fd49\"")"",""delete(\""user:67609199002b27c2fd49\"")""]"	2025-10-26T12:02:02.040+00:00	2025-10-26T12:02:02.040+00:00	חמש המגילות	כתובים	רות	כתובים-חמש המגילות-רות.json	2025-02-20T13:34:25.986+00:00	67b72f610006fc2746e2	4	3	null	1	null
68fe0dba000bf27f2ecb	"[""read(\""user:67609199002b27c2fd49\"")"",""update(\""user:67609199002b27c2fd49\"")"",""delete(\""user:67609199002b27c2fd49\"")""]"	2025-10-26T12:02:02.708+00:00	2025-10-26T12:02:02.708+00:00	חמש המגילות	כתובים	שיר השירים	כתובים-חמש המגילות-שיר השירים.json	2025-02-20T13:34:51.326+00:00	67b72f7a001c2bc18961	4	3	null	2	null
68fe0dba0035bc71f7de	"[""read(\""user:67609199002b27c2fd49\"")"",""update(\""user:67609199002b27c2fd49\"")"",""delete(\""user:67609199002b27c2fd49\"")""]"	2025-10-26T12:02:03.377+00:00	2025-10-26T12:02:03.377+00:00	חמש המגילות	כתובים	קוהלת	כתובים-חמש המגילות-קוהלת.json	2025-02-20T13:35:12.604+00:00	67b72f8f0023b7d913b6	4	3	null	3	null
68fe0dd40030dd48d99b	"[""read(\""user:67609199002b27c2fd49\"")"",""update(\""user:67609199002b27c2fd49\"")"",""delete(\""user:67609199002b27c2fd49\"")""]"	2025-10-26T12:02:29.298+00:00	2025-10-26T12:02:29.298+00:00	ישעיהו	נביאים	ישעיהו	נביאים-ישעיהו-ישעיהו.json	2025-03-13T21:15:24.664+00:00	67d34aea0025135d02d8	5	2	null	1	null
68fe0ddc001bdd532261	"[""read(\""user:67609199002b27c2fd49\"")"",""update(\""user:67609199002b27c2fd49\"")"",""delete(\""user:67609199002b27c2fd49\"")""]"	2025-10-26T12:02:36.977+00:00	2025-10-26T12:02:36.977+00:00	במדבר	תורה	שלח	תורה-במדבר-שלח.json	2025-02-20T19:45:33.231+00:00	67b7865c0014a585f1f3	4	1	null	4	null
68fe0ddd00078b827da3	"[""read(\""user:67609199002b27c2fd49\"")"",""update(\""user:67609199002b27c2fd49\"")"",""delete(\""user:67609199002b27c2fd49\"")""]"	2025-10-26T12:02:37.643+00:00	2025-10-26T12:02:37.643+00:00	במדבר	תורה	קורח	תורה-במדבר-קורח.json	2025-02-20T19:45:44.253+00:00	67b78667001fc3d30658	4	1	null	5	null
68fe0ddd00304f109d38	"[""read(\""user:67609199002b27c2fd49\"")"",""update(\""user:67609199002b27c2fd49\"")"",""delete(\""user:67609199002b27c2fd49\"")""]"	2025-10-26T12:02:38.292+00:00	2025-10-26T12:02:38.292+00:00	במדבר	תורה	חוקת	תורה-במדבר-חוקת.json	2025-02-20T19:45:57.118+00:00	67b78674000f3dbd1c15	4	1	null	6	null
68fe0dde0018bfdca9e7	"[""read(\""user:67609199002b27c2fd49\"")"",""update(\""user:67609199002b27c2fd49\"")"",""delete(\""user:67609199002b27c2fd49\"")""]"	2025-10-26T12:02:38.916+00:00	2025-10-26T12:02:38.916+00:00	במדבר	תורה	בלק	תורה-במדבר-בלק.json	2025-02-20T19:46:08.308+00:00	67b7867f00240d73255b	4	1	null	7	null
68fe0ddf0001d7a84bef	"[""read(\""user:67609199002b27c2fd49\"")"",""update(\""user:67609199002b27c2fd49\"")"",""delete(\""user:67609199002b27c2fd49\"")""]"	2025-10-26T12:02:39.658+00:00	2025-10-26T12:02:39.658+00:00	במדבר	תורה	פינחס	תורה-במדבר-פינחס.json	2025-02-20T19:46:21.322+00:00	67b7868c001e41df06a3	4	1	null	8	null
68fe0f240004ae787d1f	"[""read(\""user:67609199002b27c2fd49\"")"",""update(\""user:67609199002b27c2fd49\"")"",""delete(\""user:67609199002b27c2fd49\"")""]"	2025-10-26T12:08:04.730+00:00	2025-10-26T12:08:04.730+00:00	תרי עשר	נביאים	מלאכי	נביאים-תרי עשר-מלאכי.json	2025-02-20T13:47:24.466+00:00	67b7326b0026e6294599	8	2	null	12	null
68fe0f260019c576f030	"[""read(\""user:67609199002b27c2fd49\"")"",""update(\""user:67609199002b27c2fd49\"")"",""delete(\""user:67609199002b27c2fd49\"")""]"	2025-10-26T12:08:06.942+00:00	2025-10-26T15:04:16.781+00:00	בראשית	תורה	וירא	תורה-בראשית-וירא.json	2025-02-20T13:50:15.998+00:00	67b7331600350c8c4fa0	1	1	null	5	null
68fe0f28002797e4551f	"[""read(\""user:67609199002b27c2fd49\"")"",""update(\""user:67609199002b27c2fd49\"")"",""delete(\""user:67609199002b27c2fd49\"")""]"	2025-10-26T12:08:09.161+00:00	2025-10-26T12:08:09.161+00:00	בראשית	תורה	חיי שרה	תורה-בראשית-חיי שרה.json	2025-02-20T13:50:43.689+00:00	67b7333200353ec9a12c	1	1	null	6	null
68fe0f41003b9e384546	"[""read(\""user:67609199002b27c2fd49\"")"",""update(\""user:67609199002b27c2fd49\"")"",""delete(\""user:67609199002b27c2fd49\"")""]"	2025-10-26T12:08:34.501+00:00	2025-10-26T12:08:34.501+00:00	ויקרא	תורה	מצורע	תורה-ויקרא-מצורע.json	2025-02-20T19:43:09.263+00:00	67b785cc0014d2211c99	3	1	null	5	null
68fe0f44000acb2b8595	"[""read(\""user:67609199002b27c2fd49\"")"",""update(\""user:67609199002b27c2fd49\"")"",""delete(\""user:67609199002b27c2fd49\"")""]"	2025-10-26T12:08:36.702+00:00	2025-10-26T12:08:36.702+00:00	ויקרא	תורה	אחרי מות	תורה-ויקרא-אחרי מות.json	2025-02-20T19:43:23.245+00:00	67b785da001a85c179d9	3	1	null	6	null
68fe0f46001795fb7088	"[""read(\""user:67609199002b27c2fd49\"")"",""update(\""user:67609199002b27c2fd49\"")"",""delete(\""user:67609199002b27c2fd49\"")""]"	2025-10-26T12:08:39.020+00:00	2025-10-26T12:08:39.020+00:00	הפטרות מיוחדות	נביאים	הפטרות מיוחדות	נביאים-הפטרות מיוחדות-הפטרות מיוחדות.json	2025-03-13T21:23:48.620+00:00	67d34ccd0027e5bf6a41	9	2	null	2	null
68fe0f48002ba158f2c0	"[""read(\""user:67609199002b27c2fd49\"")"",""update(\""user:67609199002b27c2fd49\"")"",""delete(\""user:67609199002b27c2fd49\"")""]"	2025-10-26T12:08:41.225+00:00	2025-10-26T12:08:41.225+00:00	הקדמה והסכמות	הקדמה והסכמות	הקדמה והסכמות	הקדמה והסכמות-הקדמה והסכמות-הקדמה והסכמות.json	2025-04-01T18:02:40.566+00:00	67ec2a3f000fc503e2b5	1	99	null	1	null
68fe0f4a0039e9089233	"[""read(\""user:67609199002b27c2fd49\"")"",""update(\""user:67609199002b27c2fd49\"")"",""delete(\""user:67609199002b27c2fd49\"")""]"	2025-10-26T12:08:43.458+00:00	2025-10-26T15:30:22.234+00:00	בראשית	תורה	בראשית	תורה-בראשית-בראשית.json	2025-10-22T01:07:41.727+00:00	68f82e5c0028576bf823	1	1	null	-496	null
68fe0f4d000718a145a5	"[""read(\""user:67609199002b27c2fd49\"")"",""update(\""user:67609199002b27c2fd49\"")"",""delete(\""user:67609199002b27c2fd49\"")""]"	2025-10-26T12:08:45.755+00:00	2025-10-26T15:30:35.176+00:00	בראשית	תורה	נח	תורה-בראשית-נח.json	2025-02-20T13:28:28.403+00:00	67b72dfb001512d52dea	1	1	null	-371	null
68fe0f4f0019ed65b20a	"[""read(\""user:67609199002b27c2fd49\"")"",""update(\""user:67609199002b27c2fd49\"")"",""delete(\""user:67609199002b27c2fd49\"")""]"	2025-10-26T12:08:47.945+00:00	2025-10-26T15:30:31.862+00:00	בראשית	תורה	לך לך	תורה-בראשית-לך לך.json	2025-02-20T13:28:46.172+00:00	67b72e0d00061b0253a9	1	1	null	-246	null
68fe0f51003c28c26677	"[""read(\""user:67609199002b27c2fd49\"")"",""update(\""user:67609199002b27c2fd49\"")"",""delete(\""user:67609199002b27c2fd49\"")""]"	2025-10-26T12:08:50.511+00:00	2025-10-26T12:08:50.511+00:00	חמש המגילות	כתובים	אסתר	כתובים-חמש המגילות-אסתר.json	2025-02-20T13:35:46.759+00:00	67b72fb1003d3828d525	4	3	null	4	null
68fe0f54000b988ff9b2	"[""read(\""user:67609199002b27c2fd49\"")"",""update(\""user:67609199002b27c2fd49\"")"",""delete(\""user:67609199002b27c2fd49\"")""]"	2025-10-26T12:08:52.844+00:00	2025-10-26T12:08:52.844+00:00	חמש המגילות	כתובים	איכה	כתובים-חמש המגילות-איכה.json	2025-02-20T13:36:05.060+00:00	67b72fc4000c18693b1f	4	3	null	5	null
68fe0f56002085e69c62	"[""read(\""user:67609199002b27c2fd49\"")"",""update(\""user:67609199002b27c2fd49\"")"",""delete(\""user:67609199002b27c2fd49\"")""]"	2025-10-26T12:08:55.075+00:00	2025-10-26T12:08:55.075+00:00	תרי עשר	נביאים	הושע	נביאים-תרי עשר-הושע.json	2025-02-20T13:42:33.865+00:00	67b731480035fddf595e	8	2	null	1	null
68fe0f7300070cce1304	"[""read(\""user:67609199002b27c2fd49\"")"",""update(\""user:67609199002b27c2fd49\"")"",""delete(\""user:67609199002b27c2fd49\"")""]"	2025-10-26T12:09:23.650+00:00	2025-10-26T12:09:23.650+00:00	תרי עשר	נביאים	זכריה	נביאים-תרי עשר-זכריה.json	2025-02-20T13:47:06.015+00:00	67b732590009a18d2518	8	2	null	11	null
68fe0f76000664b3e1f2	"[""read(\""user:67609199002b27c2fd49\"")"",""update(\""user:67609199002b27c2fd49\"")"",""delete(\""user:67609199002b27c2fd49\"")""]"	2025-10-26T12:09:26.744+00:00	2025-10-26T12:09:26.744+00:00	ויקרא	תורה	קדושים	תורה-ויקרא-קדושים.json	2025-02-20T19:43:36.980+00:00	67b785e8000d66b376f8	3	1	null	7	null
68fe0f7a0006034da6cd	"[""read(\""user:67609199002b27c2fd49\"")"",""update(\""user:67609199002b27c2fd49\"")"",""delete(\""user:67609199002b27c2fd49\"")""]"	2025-10-26T12:09:30.676+00:00	2025-10-26T12:09:30.676+00:00	ויקרא	תורה	אמור	תורה-ויקרא-אמור.json	2025-02-20T19:43:49.052+00:00	67b785f4000df91840e4	3	1	null	8	null
68fe0f7d0006047cf366	"[""read(\""user:67609199002b27c2fd49\"")"",""update(\""user:67609199002b27c2fd49\"")"",""delete(\""user:67609199002b27c2fd49\"")""]"	2025-10-26T12:09:33.739+00:00	2025-10-26T12:09:33.739+00:00	ויקרא	תורה	בהר	תורה-ויקרא-בהר.json	2025-02-20T19:44:00.494+00:00	67b785ff00239f259ecf	3	1	null	9	null
68fe0f81000e45e5e81d	"[""read(\""user:67609199002b27c2fd49\"")"",""update(\""user:67609199002b27c2fd49\"")"",""delete(\""user:67609199002b27c2fd49\"")""]"	2025-10-26T12:09:37.768+00:00	2025-10-26T12:09:37.768+00:00	ויקרא	תורה	בחוקותי	תורה-ויקרא-בחוקותי.json	2025-02-20T19:44:41.527+00:00	67b78628002a2aca960e	3	1	null	10	null
68fe0f850005e32641ee	"[""read(\""user:67609199002b27c2fd49\"")"",""update(\""user:67609199002b27c2fd49\"")"",""delete(\""user:67609199002b27c2fd49\"")""]"	2025-10-26T12:09:41.729+00:00	2025-10-26T12:09:41.729+00:00	במדבר	תורה	נשא	תורה-במדבר-נשא.json	2025-02-20T19:45:07.824+00:00	67b7864200383e0ca1fb	4	1	null	2	null
68fe0f8800034514e07d	"[""read(\""user:67609199002b27c2fd49\"")"",""update(\""user:67609199002b27c2fd49\"")"",""delete(\""user:67609199002b27c2fd49\"")""]"	2025-10-26T12:09:44.587+00:00	2025-10-26T12:09:44.587+00:00	במדבר	תורה	בהעלותך	תורה-במדבר-בהעלותך.json	2025-02-20T19:45:21.168+00:00	67b78650001621cffc34	4	1	null	3	null
68fe0faa0012be28cb53	"[""read(\""user:67609199002b27c2fd49\"")"",""update(\""user:67609199002b27c2fd49\"")"",""delete(\""user:67609199002b27c2fd49\"")""]"	2025-10-26T12:10:18.956+00:00	2025-10-26T15:04:50.538+00:00	בראשית	תורה	וישב	תורה-בראשית-וישב.json	2025-02-20T13:52:08.424+00:00	67b733870022ddd19831	1	1	null	11	null
68fe0fac002555484ba7	"[""read(\""user:67609199002b27c2fd49\"")"",""update(\""user:67609199002b27c2fd49\"")"",""delete(\""user:67609199002b27c2fd49\"")""]"	2025-10-26T12:10:21.139+00:00	2025-10-26T14:45:17.787+00:00	בראשית	תורה	מקץ	תורה-בראשית-מקץ.json	2025-02-20T13:52:21.325+00:00	67b7339400130e19b21a	1	1	null	11	null
68fe0fae003331118cf9	"[""read(\""user:67609199002b27c2fd49\"")"",""update(\""user:67609199002b27c2fd49\"")"",""delete(\""user:67609199002b27c2fd49\"")""]"	2025-10-26T12:10:23.353+00:00	2025-10-26T15:03:15.373+00:00	בראשית	תורה	ויגש	תורה-בראשית-ויגש.json	2025-02-20T13:52:34.338+00:00	67b733a1001f24253eab	1	1	null	11	null
68fe0fb10000cf18ca49	"[""read(\""user:67609199002b27c2fd49\"")"",""update(\""user:67609199002b27c2fd49\"")"",""delete(\""user:67609199002b27c2fd49\"")""]"	2025-10-26T12:10:25.664+00:00	2025-10-26T15:03:26.549+00:00	בראשית	תורה	ויחי	תורה-בראשית-ויחי.json	2025-02-20T13:52:44.940+00:00	67b733ac0008d7dc5660	1	1	null	1011	null
68fe0fb300156503df09	"[""read(\""user:67609199002b27c2fd49\"")"",""update(\""user:67609199002b27c2fd49\"")"",""delete(\""user:67609199002b27c2fd49\"")""]"	2025-10-26T12:10:27.891+00:00	2025-10-26T12:10:27.891+00:00	ויקרא	תורה	צו	תורה-ויקרא-צו.json	2025-02-20T19:42:11.453+00:00	67b78592001ea64139bc	3	1	null	2	null
68fe0fb500237530bc28	"[""read(\""user:67609199002b27c2fd49\"")"",""update(\""user:67609199002b27c2fd49\"")"",""delete(\""user:67609199002b27c2fd49\"")""]"	2025-10-26T12:10:30.100+00:00	2025-10-26T12:10:30.100+00:00	ויקרא	תורה	שמיני	תורה-ויקרא-שמיני.json	2025-02-20T19:42:26.953+00:00	67b785a20000ef0d2c65	3	1	null	3	null
68fe0fb7002f6dfaeaf0	"[""read(\""user:67609199002b27c2fd49\"")"",""update(\""user:67609199002b27c2fd49\"")"",""delete(\""user:67609199002b27c2fd49\"")""]"	2025-10-26T12:10:32.405+00:00	2025-10-26T12:10:32.405+00:00	ויקרא	תורה	תזריע	תורה-ויקרא-תזריע.json	2025-02-20T19:42:56.735+00:00	67b785bf003c5c5f96e2	3	1	null	4	null
68fe0fba00197c9374dc	"[""read(\""user:67609199002b27c2fd49\"")"",""update(\""user:67609199002b27c2fd49\"")"",""delete(\""user:67609199002b27c2fd49\"")""]"	2025-10-26T12:10:34.939+00:00	2025-10-26T12:10:34.939+00:00	תרי עשר	נביאים	יואל	נביאים-תרי עשר-יואל.json	2025-02-20T13:43:08.982+00:00	67b7316c0000364b75f4	8	2	null	2	null
68fe0fbc0026edd867ec	"[""read(\""user:67609199002b27c2fd49\"")"",""update(\""user:67609199002b27c2fd49\"")"",""delete(\""user:67609199002b27c2fd49\"")""]"	2025-10-26T12:10:37.172+00:00	2025-10-26T12:10:37.172+00:00	תרי עשר	נביאים	עמוס	נביאים-תרי עשר-עמוס.json	2025-02-20T13:43:39.345+00:00	67b7318a000d4e11c90b	8	2	null	3	null
68fe0fbe0034262c7c52	"[""read(\""user:67609199002b27c2fd49\"")"",""update(\""user:67609199002b27c2fd49\"")"",""delete(\""user:67609199002b27c2fd49\"")""]"	2025-10-26T12:10:39.475+00:00	2025-10-26T12:10:39.475+00:00	תרי עשר	נביאים	עובדיה	נביאים-תרי עשר-עובדיה.json	2025-02-20T13:44:36.302+00:00	67b731c3001c3078f6bc	8	2	null	4	null
68fe0fe00033a737dd06	"[""read(\""user:67609199002b27c2fd49\"")"",""update(\""user:67609199002b27c2fd49\"")"",""delete(\""user:67609199002b27c2fd49\"")""]"	2025-10-26T12:11:13.471+00:00	2025-10-26T15:05:00.882+00:00	בראשית	תורה	תולדות	תורה-בראשית-תולדות.json	2025-02-20T13:51:04.316+00:00	67b733470009c1d5c0fa	1	1	null	6	null
68fe0fe30009da9deeec	"[""read(\""user:67609199002b27c2fd49\"")"",""update(\""user:67609199002b27c2fd49\"")"",""delete(\""user:67609199002b27c2fd49\"")""]"	2025-10-26T12:11:15.702+00:00	2025-10-26T15:04:09.969+00:00	בראשית	תורה	ויצא	תורה-בראשית-ויצא.json	2025-02-20T13:51:32.470+00:00	67b7336300282c3c3602	1	1	null	6	null
68fe0fe500148d35f564	"[""read(\""user:67609199002b27c2fd49\"")"",""update(\""user:67609199002b27c2fd49\"")"",""delete(\""user:67609199002b27c2fd49\"")""]"	2025-10-26T12:11:17.869+00:00	2025-10-26T15:03:29.487+00:00	בראשית	תורה	וישלח	תורה-בראשית-וישלח.json	2025-02-20T13:51:47.353+00:00	67b73372001b0f4fa978	1	1	null	11	null
68fe0fe9001efbf8d7c3	"[""read(\""user:67609199002b27c2fd49\"")"",""update(\""user:67609199002b27c2fd49\"")"",""delete(\""user:67609199002b27c2fd49\"")""]"	2025-10-26T12:11:22.130+00:00	2025-10-26T12:11:22.130+00:00	תרי עשר	נביאים	יונה	נביאים-תרי עשר-יונה.json	2025-02-20T13:44:56.606+00:00	67b731d700285d28d61b	8	2	null	5	null
68fe0fed000750ab2457	"[""read(\""user:67609199002b27c2fd49\"")"",""update(\""user:67609199002b27c2fd49\"")"",""delete(\""user:67609199002b27c2fd49\"")""]"	2025-10-26T12:11:25.657+00:00	2025-10-26T12:11:25.657+00:00	תרי עשר	נביאים	מיכה	נביאים-תרי עשר-מיכה.json	2025-02-20T13:45:19.207+00:00	67b731ee0011e0b4ae94	8	2	null	6	null
68fe0ff0000645b6fabb	"[""read(\""user:67609199002b27c2fd49\"")"",""update(\""user:67609199002b27c2fd49\"")"",""delete(\""user:67609199002b27c2fd49\"")""]"	2025-10-26T12:11:28.734+00:00	2025-10-26T12:11:28.734+00:00	תרי עשר	נביאים	נחום	נביאים-תרי עשר-נחום.json	2025-02-20T13:45:40.712+00:00	67b732030037ba302097	8	2	null	7	null
68fe100b001a732d17fe	"[""read(\""user:67609199002b27c2fd49\"")"",""update(\""user:67609199002b27c2fd49\"")"",""delete(\""user:67609199002b27c2fd49\"")""]"	2025-10-26T12:11:56.084+00:00	2025-10-26T12:11:56.084+00:00	תרי עשר	נביאים	חבקוק	נביאים-תרי עשר-חבקוק.json	2025-02-20T13:46:02.660+00:00	67b73219003230ec2210	8	2	null	8	null
68fe100f0005fb65a6b0	"[""read(\""user:67609199002b27c2fd49\"")"",""update(\""user:67609199002b27c2fd49\"")"",""delete(\""user:67609199002b27c2fd49\"")""]"	2025-10-26T12:11:59.629+00:00	2025-10-26T12:11:59.629+00:00	הפטרות מיוחדות	תורה	הפטרות מיוחדות	תורה-הפטרות מיוחדות-הפטרות מיוחדות.json	2025-03-13T21:23:02.411+00:00	67d34caa0005ce3cb140	9	1	null	1	null
68fe101200064509e3f1	"[""read(\""user:67609199002b27c2fd49\"")"",""update(\""user:67609199002b27c2fd49\"")"",""delete(\""user:67609199002b27c2fd49\"")""]"	2025-10-26T12:12:02.747+00:00	2025-10-26T12:12:02.747+00:00	תרי עשר	נביאים	צפניה	נביאים-תרי עשר-צפניה.json	2025-02-20T13:46:18.418+00:00	67b73229001c452aa73b	8	2	null	9	null
68fe10160006f71fe50d	"[""read(\""user:67609199002b27c2fd49\"")"",""update(\""user:67609199002b27c2fd49\"")"",""delete(\""user:67609199002b27c2fd49\"")""]"	2025-10-26T12:12:06.645+00:00	2025-10-26T12:12:06.645+00:00	תרי עשר	נביאים	חגי	נביאים-תרי עשר-חגי.json	2025-02-20T13:46:53.604+00:00	67b7324c002846414d8a	8	2	null	10	null
68fe7d04000ae71ed5da	"[""read(\""user:679fa2f8002b800614ce\"")"",""update(\""user:679fa2f8002b800614ce\"")"",""delete(\""user:679fa2f8002b800614ce\"")""]"	2025-10-26T19:56:52.944+00:00	2025-10-26T19:56:52.944+00:00	במדבר	תורה	מטות	תורה-במדבר-מטות.json	2025-10-26T19:56:52.174+00:00	68fe7d02003dc33bf4b1	4	1	null	9	679fa2f8002b800614ce
68fe7d1e0026a037a057	"[""read(\""user:679fa2f8002b800614ce\"")"",""update(\""user:679fa2f8002b800614ce\"")"",""delete(\""user:679fa2f8002b800614ce\"")""]"	2025-10-26T19:57:19.308+00:00	2025-10-26T19:57:19.308+00:00	במדבר	תורה	מסעי	תורה-במדבר-מסעי.json	2025-10-26T19:57:18.618+00:00	68fe7d1d0013323ff115	4	1	null	10	679fa2f8002b800614ce
68fe7d63003a95b09960	"[""read(\""user:679fa2f8002b800614ce\"")"",""update(\""user:679fa2f8002b800614ce\"")"",""delete(\""user:679fa2f8002b800614ce\"")""]"	2025-10-26T19:58:28.627+00:00	2025-10-26T19:58:28.627+00:00	דברים	תורה	ואתחנן	תורה-דברים-ואתחנן.json	2025-10-26T19:58:27.937+00:00	68fe7d63000183667ace	5	1	null	12	679fa2f8002b800614ce
68fe7d75002265669cbd	"[""read(\""user:679fa2f8002b800614ce\"")"",""update(\""user:679fa2f8002b800614ce\"")"",""delete(\""user:679fa2f8002b800614ce\"")""]"	2025-10-26T19:58:46.244+00:00	2025-10-26T19:58:46.244+00:00	דברים	תורה	עקב	תורה-דברים-עקב.json	2025-10-26T19:58:45.550+00:00	68fe7d74002aec9b516a	5	1	null	13	679fa2f8002b800614ce
68fe7df9002861994385	"[""read(\""user:679fa2f8002b800614ce\"")"",""update(\""user:679fa2f8002b800614ce\"")"",""delete(\""user:679fa2f8002b800614ce\"")""]"	2025-10-26T20:00:58.333+00:00	2025-10-26T20:00:58.333+00:00	דברים	תורה	ראה	תורה-דברים-ראה.json	2025-10-26T20:00:57.646+00:00	68fe7df800261e2ed98e	5	1	null	14	679fa2f8002b800614ce
68fe7e17003c469cb9f3	"[""read(\""user:679fa2f8002b800614ce\"")"",""update(\""user:679fa2f8002b800614ce\"")"",""delete(\""user:679fa2f8002b800614ce\"")""]"	2025-10-26T20:01:28.637+00:00	2025-10-26T20:01:28.637+00:00	דברים	תורה	שופטים	תורה-דברים-שופטים.json	2025-10-26T20:01:27.964+00:00	68fe7e170002b771f096	5	1	null	15	679fa2f8002b800614ce
68fe7e290036c11b08df	"[""read(\""user:679fa2f8002b800614ce\"")"",""update(\""user:679fa2f8002b800614ce\"")"",""delete(\""user:679fa2f8002b800614ce\"")""]"	2025-10-26T20:01:46.548+00:00	2025-10-26T20:01:46.548+00:00	דברים	תורה	כי תצא	תורה-דברים-כי תצא.json	2025-10-26T20:01:45.876+00:00	68fe7e28002f039304a7	5	1	null	16	679fa2f8002b800614ce
68fe7e3d0014d3cc4619	"[""read(\""user:679fa2f8002b800614ce\"")"",""update(\""user:679fa2f8002b800614ce\"")"",""delete(\""user:679fa2f8002b800614ce\"")""]"	2025-10-26T20:02:06.007+00:00	2025-10-26T20:02:06.007+00:00	דברים	תורה	כי תבוא	תורה-דברים-כי תבוא.json	2025-10-26T20:02:05.333+00:00	68fe7e3c0012bc58ed9a	5	1	null	17	679fa2f8002b800614ce
68fe7e5a00136f460186	"[""read(\""user:679fa2f8002b800614ce\"")"",""update(\""user:679fa2f8002b800614ce\"")"",""delete(\""user:679fa2f8002b800614ce\"")""]"	2025-10-26T20:02:35.006+00:00	2025-10-26T20:02:35.006+00:00	דברים	תורה	נצבים	תורה-דברים-נצבים.json	2025-10-26T20:02:34.310+00:00	68fe7e590006e78d4aa6	5	1	null	18	679fa2f8002b800614ce
68fe7e6c003b057a8df4	"[""read(\""user:679fa2f8002b800614ce\"")"",""update(\""user:679fa2f8002b800614ce\"")"",""delete(\""user:679fa2f8002b800614ce\"")""]"	2025-10-26T20:02:53.615+00:00	2025-10-26T20:02:53.615+00:00	דברים	תורה	וילך	תורה-דברים-וילך.json	2025-10-26T20:02:52.944+00:00	68fe7e6c0009454a64ab	5	1	null	19	679fa2f8002b800614ce
68fe7e8a000edbb0bd32	"[""read(\""user:679fa2f8002b800614ce\"")"",""update(\""user:679fa2f8002b800614ce\"")"",""delete(\""user:679fa2f8002b800614ce\"")""]"	2025-10-26T20:03:22.934+00:00	2025-10-26T20:03:22.934+00:00	דברים	תורה	האזינו	תורה-דברים-האזינו.json	2025-10-26T20:03:22.237+00:00	68fe7e88003a2a019857	5	1	null	20	679fa2f8002b800614ce
68fe7e9e00264eb61f20	"[""read(\""user:679fa2f8002b800614ce\"")"",""update(\""user:679fa2f8002b800614ce\"")"",""delete(\""user:679fa2f8002b800614ce\"")""]"	2025-10-26T20:03:43.314+00:00	2025-10-26T20:03:43.314+00:00	דברים	תורה	וזאת הברכה	תורה-דברים-וזאת הברכה.json	2025-10-26T20:03:42.612+00:00	68fe7e9d002133e770f7	5	1	null	21	679fa2f8002b800614ce
697743af00121d299abd	"[""read(\""user:679fa2f8002b800614ce\"")"",""update(\""user:679fa2f8002b800614ce\"")"",""delete(\""user:679fa2f8002b800614ce\"")""]"	2026-01-26T10:36:33.233+00:00	2026-01-26T10:36:33.233+00:00	שופטים	נביאים	שופטים	נביאים-שופטים-שופטים.json	2026-01-26T10:36:31.289+00:00	697743ae000d0299e5a7	2	2	null	1	679fa2f8002b800614ce
6977c873000f221530a2	"[""read(\""user:679fa2f8002b800614ce\"")"",""update(\""user:679fa2f8002b800614ce\"")"",""delete(\""user:679fa2f8002b800614ce\"")""]"	2026-01-26T20:02:59.712+00:00	2026-01-26T20:02:59.712+00:00	יהושע	נביאים	יהושע	נביאים-יהושע-יהושע.json	2026-01-26T20:02:59.242+00:00	6977c872000a457a244b	1	2	null	1	679fa2f8002b800614ce
